City_ID,City,Lat,Lng,Max Temp,Humidity,Cloudiness,Wind Speed,Country,Date
0,bethel,41.3712,-73.414,11.46,90,100,0.89,US,1730787121
1,saipan,15.1355,145.701,29.39,79,75,5.14,MP,1730787122
2,puerto natales,-51.7236,-72.4875,1.73,82,17,3.13,CL,1730787123
3,sao joao da barra,-21.6403,-41.0511,23.35,87,100,7.08,BR,1730787124
4,wailua homesteads,22.0669,-159.378,23.4,93,34,2.49,US,1730787125
5,edinburgh of the seven seas,-37.0676,-12.3116,13.52,70,80,0.78,SH,1730787127
6,nova vicosa,-17.8919,-39.3719,22.86,89,80,3.27,BR,1730787128
7,utrik,11.2278,169.8474,28.56,80,92,6.85,MH,1730787129
8,ta`u,-14.2336,-169.5144,27.33,83,99,7.28,AS,1730787130
9,taizhou,32.4933,119.9106,17.11,44,0,4.14,CN,1730787131
10,port mathurin,-19.6833,63.4167,24.11,79,31,5.69,MU,1730787132
11,akureyri,65.6835,-18.0878,11.96,71,75,9.77,IS,1730787133
12,harper,4.375,-7.7169,24.7,88,86,2.05,LR,1730787135
13,iqaluit,63.7506,-68.5145,-5.15,63,100,1.03,CA,1730787136
14,adamstown,-25.066,-130.1015,21.12,85,100,8.45,PN,1730787138
15,waitangi,-43.9535,-176.5597,11.57,76,40,1.34,NZ,1730787139
16,grytviken,-54.2811,-36.5092,1.86,96,100,5.86,GS,1730787140
17,senanga,-16.1167,23.2667,26.08,53,60,3.04,ZM,1730787142
18,al bardiyah,31.7561,25.0865,18.44,70,33,2.94,LY,1730787143
19,port augusta,-32.5,137.7667,39.99,13,79,9.49,AU,1730787144
20,ribeira brava,32.65,-17.0667,21.51,74,15,0.75,PT,1730787145
21,chegdomyn,51.1167,133.0167,-4.41,82,100,2.0,RU,1730787146
22,fale old settlement,-9.3852,-171.2468,28.42,73,100,5.93,TK,1730787147
23,haro,42.5763,-2.8476,10.28,94,66,1.37,ES,1730787148
24,albany,42.6001,-73.9662,10.47,84,100,1.28,US,1730787150
25,port alfred,-33.5906,26.891,13.43,98,100,2.24,ZA,1730787151
26,invercargill,-46.4,168.35,13.9,74,46,4.02,NZ,1730787152
27,nadym,65.5333,72.5167,-4.29,88,98,9.06,RU,1730787153
28,badger,64.8,-147.5333,-9.45,88,0,3.6,US,1730787155
29,pisco,-13.7,-76.2167,17.79,88,0,1.54,PE,1730787157
30,bredasdorp,-34.5322,20.0403,14.33,50,98,3.26,ZA,1730787158
31,stanley,54.868,-1.6985,8.07,90,100,0.0,GB,1730787159
32,aasiaat,68.7098,-52.8699,-6.28,93,100,1.27,GL,1730787160
33,ilulissat,69.2167,-51.1,-4.99,80,100,1.54,GL,1730787162
34,margaret river,-33.95,115.0667,15.68,55,59,6.83,AU,1730787163
35,west island,-12.1568,96.8225,28.99,79,75,7.2,CC,1730787165
36,chibougamau,49.9168,-74.3659,0.79,100,100,4.63,CA,1730787166
37,mirabad,30.4362,61.8383,31.91,12,0,4.26,AF,1730787167
38,bilibino,68.0546,166.4372,-22.58,99,100,0.7,RU,1730787168
39,robore,-18.3333,-59.75,26.15,64,42,1.66,BO,1730787169
40,yellowknife,62.456,-114.3525,-3.1,99,100,2.57,CA,1730787170
41,port-aux-francais,-49.35,70.2167,6.49,91,100,19.64,TF,1730787172
42,adamovka,51.5223,59.9396,0.82,56,100,6.71,RU,1730787173
43,puerto ayora,-0.7393,-90.3518,19.39,74,55,3.38,EC,1730787174
44,hawaiian paradise park,19.5933,-154.9731,23.28,99,100,5.14,US,1730787175
45,zhosaly,45.4878,64.0781,4.89,48,99,5.05,KZ,1730787176
46,nar'yan-mar,67.6713,53.087,-2.71,89,100,4.35,RU,1730787177
47,zheleznogorsk,52.331,35.3711,-1.26,86,100,5.51,RU,1730787178
48,igarka,67.4667,86.5833,-6.46,94,68,8.13,RU,1730787180
49,bandarbeyla,9.4942,50.8122,27.7,63,35,2.54,SO,1730787181
50,acapulco de juarez,16.8634,-99.8901,26.9,83,100,3.09,MX,1730787120
51,noumea,-22.2763,166.4572,23.72,67,29,8.16,NC,1730787183
52,bonga,7.2833,36.2333,19.54,75,71,1.15,ET,1730787184
53,peniche,39.3558,-9.3811,20.11,92,13,7.94,PT,1730787185
54,cotacachi,0.3,-78.2667,13.22,87,81,0.3,EC,1730787186
55,brokopondo,4.75,-55.1667,25.64,74,21,3.57,SR,1730787188
56,ushuaia,-54.8,-68.3,2.78,99,84,1.5,AR,1730787003
57,langxiang,46.95,128.8833,-0.55,50,98,2.1,CN,1730787190
58,la passe,45.5549,-0.8967,14.11,94,57,4.3,FR,1730787191
59,lospalos,-8.5186,127.0025,29.2,55,97,5.23,TL,1730787192
60,sarkand,45.41,79.9186,11.88,75,100,1.15,KZ,1730787193
61,tiksi,71.6872,128.8694,-23.36,98,88,2.95,RU,1730787196
62,petropavlovsk-kamchatsky,53.0452,158.6483,-0.67,51,75,2.0,RU,1730787197
63,aras-asan,8.8908,126.3033,28.36,71,95,2.5,PH,1730787198
64,marsabit,2.3284,37.9899,20.61,71,73,6.67,KE,1730787199
65,xilin hot,43.9667,116.0333,1.54,26,0,4.46,CN,1730787200
66,volokonovka,50.4827,37.8563,-1.81,84,100,5.78,RU,1730787201
67,kaspiyskiy,45.3929,47.3707,4.61,64,100,13.5,RU,1730787203
68,wotho,10.1657,166.0102,27.76,76,80,4.0,MH,1730787204
69,mahina,-17.5065,-149.489,26.87,83,0,2.06,PF,1730787205
70,canavieiras,-15.675,-38.9472,22.71,91,78,1.55,BR,1730787206
71,nuuk,64.1835,-51.7216,-4.66,80,100,3.09,GL,1730787207
72,nizhneangarsk,55.7833,109.55,-3.91,71,94,0.67,RU,1730787208
73,ribeira grande,38.5167,-28.7,20.99,80,50,6.26,PT,1730787209
74,blackmans bay,-43.0167,147.3167,19.18,51,1,3.76,AU,1730787211
75,lebu,-37.6167,-73.65,8.34,90,1,2.05,CL,1730787212
76,hermanus,-34.4187,19.2345,13.78,57,76,5.7,ZA,1730787213
77,whitehorse,60.7161,-135.0538,-11.57,92,0,2.06,CA,1730787214
78,lucea,18.451,-78.1736,25.92,83,99,5.2,JM,1730787215
79,yazd,31.8972,54.3675,24.06,27,0,3.09,IR,1730787216
80,wanning,18.8003,110.3967,26.29,80,66,7.17,CN,1730787217
81,fort st. john,56.2499,-120.8529,-0.06,80,100,1.54,CA,1730787220
82,hoa binh,20.8133,105.3383,21.65,77,100,0.93,VN,1730787221
83,avarua,-21.2078,-159.775,24.03,94,100,0.51,CK,1730787223
84,coquimbo,-29.9533,-71.3436,12.85,86,0,1.54,CL,1730787224
85,ingeniero jacobacci,-41.3427,-69.5448,5.97,64,6,14.46,AR,1730787226
86,trimbak,19.9333,73.55,27.63,39,0,3.51,IN,1730787227
87,kodiak,57.79,-152.4072,4.73,87,100,19.03,US,1730787228
88,jardin america,-27.0435,-55.227,20.75,93,0,0.72,AR,1730787229
89,ust-nera,64.5667,143.2,-25.21,100,73,0.45,RU,1730787230
90,tweed heads,-28.1817,153.547,24.02,88,26,4.63,AU,1730787233
91,peitz,51.8584,14.4114,3.99,92,5,3.07,DE,1730787234
92,makokou,0.5738,12.8642,21.64,97,100,0.49,GA,1730787235
93,bintulu,3.1667,113.0333,32.23,70,40,4.12,MY,1730787236
94,san antonio de pale,-1.4014,5.6325,25.28,83,100,4.23,GQ,1730787237
95,bom jesus da lapa,-13.255,-43.4181,24.63,48,97,1.49,BR,1730787238
96,rongelap,11.1635,166.8941,28.38,74,93,4.69,MH,1730787239
97,college,64.8569,-147.8028,-9.4,83,20,3.6,US,1730787241
98,weno,7.4515,151.8468,31.97,74,75,2.06,FM,1730787242
99,namibe,-15.1961,12.1522,20.31,78,55,3.91,AO,1730787243
100,dalbandin,28.8947,64.4101,30.25,14,0,1.01,PK,1730787244
101,prince george,53.9166,-122.753,1.69,91,75,6.69,CA,1730787246
102,gharyan,32.1722,13.0203,16.0,66,22,1.46,LY,1730787247
103,udachny,66.4167,112.4,-10.71,84,97,10.77,RU,1730787249
104,tralee,52.2704,-9.7026,12.13,96,83,2.68,IE,1730787250
105,dudinka,69.4058,86.1778,-6.73,94,61,8.3,RU,1730787251
106,sungailiat,-1.85,106.1333,29.09,69,40,3.9,ID,1730787252
107,sandnessjoen,66.0217,12.6316,9.06,93,75,5.14,NO,1730787253
108,klyuchi,52.2667,79.1667,3.03,46,17,2.07,RU,1730787254
109,susuman,62.7833,148.1667,-25.9,100,98,1.37,RU,1730787255
110,nova sintra,14.8667,-24.7167,26.14,76,6,4.99,CV,1730787257
111,peace river,56.2501,-117.286,-0.83,93,20,1.54,CA,1730787258
112,gulu,2.7746,32.299,20.03,91,99,0.28,UG,1730787259
113,atafu village,-8.5421,-172.5159,28.17,72,100,5.46,TK,1730787260
114,demre,36.2537,29.9777,18.71,32,50,0.93,TR,1730787261
115,at taj,24.2049,23.2857,16.22,52,0,2.54,LY,1730787262
116,bubaque,11.2833,-15.8333,28.23,76,0,2.19,GW,1730787264
117,nuku'alofa,-21.1333,-175.2,22.19,88,40,3.6,TO,1730787265
118,cabo san lucas,22.8909,-109.9124,22.09,65,65,1.49,MX,1730787193
119,mainaguri,26.5667,88.8167,25.88,57,56,1.62,IN,1730787267
120,priozersk,61.0393,30.1291,0.61,86,100,2.71,RU,1730787268
121,sarandi del yi,-33.35,-55.6333,16.02,96,100,6.68,UY,1730787269
122,katsuren-haebaru,26.3369,127.8719,26.01,70,75,6.17,JP,1730787271
123,tutong,4.8,114.65,27.4,80,100,2.29,BN,1730787272
124,flying fish cove,-10.4217,105.6791,28.82,83,100,4.63,CX,1730787273
125,westport,41.1415,-73.3579,11.87,87,100,0.0,US,1730787274
126,st. john's,47.5649,-52.7093,1.1,69,75,4.12,CA,1730787275
127,puerto baquerizo moreno,-0.9,-89.6,19.95,70,71,4.73,EC,1730787276
128,ardesen,41.1911,40.9875,10.37,89,99,6.68,TR,1730787277
129,mormugao,15.4,73.8,29.59,66,40,2.57,IN,1730787279
130,nemuro,43.3236,145.575,8.63,57,44,6.6,JP,1730787280
131,anadyr,64.75,177.4833,-7.72,78,40,8.0,RU,1730787281
132,lamu,-2.2717,40.902,28.47,70,55,1.9,KE,1730787282
133,tindouf,27.6711,-8.1474,19.25,24,0,2.57,DZ,1730787283
134,mount gambier,-37.8333,140.7667,23.07,38,13,3.5,AU,1730787284
135,bulungu,-4.55,18.6,21.53,97,100,0.17,CD,1730787285
136,mount pearl,47.5166,-52.7813,0.64,71,75,4.12,CA,1730787287
137,champerico,14.3,-91.9167,26.65,85,100,3.72,GT,1730787288
138,scarborough,54.2797,-0.4044,10.92,65,99,1.1,GB,1730787289
139,parabel',58.6978,81.4825,0.32,69,99,7.84,RU,1730787290
140,carnarvon,-24.8667,113.6333,22.87,59,0,9.6,AU,1730787291
141,masaka,-0.3338,31.7341,21.07,69,99,3.49,UG,1730787292
142,longyearbyen,78.2186,15.6401,-2.09,59,75,6.17,SJ,1730786854
143,hotan,37.0997,79.9269,17.84,19,22,4.6,CN,1730787296
144,keflavik,64.0049,-22.5624,10.24,100,100,13.89,IS,1730787297
145,masterton,-40.9597,175.6575,14.42,87,90,0.55,NZ,1730787298
146,guerrero negro,27.9769,-114.0611,17.48,60,0,5.67,MX,1730787301
147,vilyuysk,63.7553,121.6247,-15.87,94,60,2.22,RU,1730787303
148,hithadhoo,-0.6,73.0833,28.12,68,26,2.8,MV,1730787304
149,cuellar,41.3679,-4.3084,10.9,82,98,1.66,ES,1730787305
150,piacabucu,-10.4056,-36.4344,23.43,74,9,3.54,BR,1730787306
151,qaqortoq,60.7167,-46.0333,-11.65,77,9,3.71,GL,1730787308
152,ulladulla,-35.35,150.4667,19.26,70,98,5.57,AU,1730787309
153,margate,51.3813,1.3862,9.93,88,80,2.45,GB,1730787310
154,codrington,-38.2667,141.9667,18.2,59,0,7.16,AU,1730787311
155,yurga,55.7231,84.8861,1.51,60,38,7.44,RU,1730787312
156,papatowai,-46.5619,169.4708,12.6,68,42,3.95,NZ,1730787315
157,marsh harbour,26.5412,-77.0636,25.68,83,78,11.48,BS,1730787316
158,irati,-25.4672,-50.6511,17.44,99,100,0.73,BR,1730787317
159,palmer,42.1584,-72.3287,9.06,83,100,2.06,US,1730787318
160,selfoss,63.9331,-20.9971,10.58,98,100,9.6,IS,1730787319
161,tolanaro,-25.0319,46.9987,25.04,83,75,10.8,MG,1730787320
162,antsiranana,-12.2787,49.2917,29.71,61,9,6.63,MG,1730787322
163,polyarnyy,69.1989,33.4478,-2.3,89,89,4.61,RU,1730787323
164,kanggye,40.9695,126.5852,6.79,33,55,1.57,KP,1730787324
165,remire-montjoly,4.9167,-52.2667,24.02,100,0,1.54,GF,1730787325
166,calama,-22.4667,-68.9333,10.27,27,0,8.23,CL,1730787326
167,carutapera,-1.195,-46.02,23.62,88,48,1.91,BR,1730787327
168,daru,-9.0763,143.2092,27.88,82,91,6.52,PG,1730787329
169,jamestown,42.097,-79.2353,15.01,55,100,5.14,US,1730787330
170,ternate,0.8,127.4,28.38,74,89,5.26,ID,1730787331
171,zacharo,37.4833,21.65,16.16,64,0,2.9,GR,1730787332
172,alto araguaia,-17.3147,-53.2153,19.65,97,100,1.87,BR,1730787333
173,paranagua,-25.52,-48.5092,21.19,99,100,0.86,BR,1730787334
174,praia da vitoria,38.7333,-27.0667,18.14,72,40,5.69,PT,1730787335
175,santa cruz,-17.8,-63.1667,24.7,94,67,1.54,BO,1730787337
176,lagunas,-5.2269,-75.6753,25.48,73,50,1.12,PE,1730787338
177,ubatuba,-23.4339,-45.0711,19.19,95,93,1.25,BR,1730787339
178,pierre,44.3683,-100.351,2.38,100,0,2.24,US,1730787340
179,gadzhiyevo,69.2551,33.3362,-2.14,90,92,4.87,RU,1730787341
180,pacific grove,36.6177,-121.9166,14.1,80,0,1.79,US,1730787180
181,grand baie,-20.0182,57.5802,28.02,68,1,3.58,MU,1730787344
182,saldanha,-33.0117,17.9442,16.03,55,0,7.39,ZA,1730787345
183,limulunga,-15.0969,23.1376,25.84,55,53,2.7,ZM,1730787346
184,georgetown,5.4112,100.3354,28.97,70,20,3.13,MY,1730787347
185,cold lake,54.4502,-110.2017,-1.03,86,100,1.54,CA,1730787348
186,touros,-5.1989,-35.4608,25.86,71,23,6.65,BR,1730787349
187,viedma,-40.8135,-62.9967,15.09,33,7,5.15,AR,1730787350
188,taos,36.4072,-105.5731,1.78,92,100,5.14,US,1730787352
189,pindushi,62.9152,34.58,-1.63,76,84,2.37,RU,1730787353
190,tazacorte,28.629,-17.9293,19.54,73,0,3.09,ES,1730787354
191,fuerte olimpo,-21.0415,-57.8738,25.4,68,2,1.8,PY,1730787355
192,la'ie,21.6477,-157.9253,25.66,87,47,4.47,US,1730787356
193,geraldton,-28.7667,114.6,22.23,46,75,8.23,AU,1730787257
194,ponta delgada,37.7333,-25.6667,20.4,94,75,2.57,PT,1730787360
195,marion,39.7684,-86.1555,20.19,74,75,8.23,US,1730787361
196,manicore,-5.8092,-61.3003,22.91,98,100,1.03,BR,1730787362
197,shizuishan,39.2333,106.7694,10.35,37,9,1.83,CN,1730787363
198,kragero,58.8693,9.4149,5.83,87,84,2.25,NO,1730787364
199,itapipoca,-3.4944,-39.5786,24.53,75,56,4.35,BR,1730787366
200,mapimi,25.8167,-103.85,16.97,40,0,2.76,MX,1730787367
201,vikarabad,17.3333,77.9,27.7,39,2,3.15,IN,1730787368
202,novoishimskiy,53.1981,66.7694,0.97,54,97,6.21,KZ,1730787369
203,buala,-8.145,159.5921,27.63,81,99,2.29,SB,1730787370
204,kavieng,-2.5744,150.7967,29.64,68,64,3.64,PG,1730787373
205,vilhena,-12.7406,-60.1458,20.37,96,89,2.81,BR,1730787374
206,fort bragg,35.139,-79.006,15.51,94,0,1.54,US,1730787375
207,luisant,48.4295,1.4738,7.83,97,94,0.45,FR,1730787376
208,enewetak,11.3474,162.3373,26.99,77,99,4.58,MH,1730787378
209,port lincoln,-34.7333,135.8667,20.18,68,82,8.19,AU,1730787379
210,ringkobing,56.0901,8.244,6.99,100,100,2.06,DK,1730787381
211,vershino-darasunskiy,52.35,115.5167,-4.26,41,0,2.28,RU,1730787382
212,olonkinbyen,70.9221,-8.7187,0.47,89,82,8.68,SJ,1730787383
213,axim,4.8699,-2.2405,24.54,87,42,0.83,GH,1730787384
214,cuajinicuilapa,16.4667,-98.4167,24.22,94,8,1.22,MX,1730787385
215,bismarck,46.8083,-100.7837,-1.52,93,0,3.6,US,1730787386
216,puerto deseado,-47.7503,-65.8938,9.87,38,41,11.87,AR,1730787388
217,ust'-kulom,61.6864,53.6902,-5.62,81,40,2.6,RU,1730787389
218,crucecita,-28.95,-58.9833,19.29,92,53,4.4,AR,1730787390
219,kismayo,-0.3582,42.5454,28.82,70,67,4.01,SO,1730787391
220,san patricio,28.017,-97.5169,26.97,86,38,7.39,US,1730787392
221,khost,33.3395,69.9204,23.58,24,7,1.55,AF,1730787393
222,isafjordur,66.0755,-23.124,4.64,98,99,5.49,IS,1730787394
223,lakatoro,-16.0999,167.4164,26.18,62,100,5.69,VU,1730787396
224,howard springs,-12.497,131.047,34.95,29,100,4.59,AU,1730787397
225,vila franca do campo,37.7167,-25.4333,20.23,99,95,4.22,PT,1730787398
226,kalecik,40.0972,33.4083,6.38,57,2,1.91,TR,1730787399
227,lazaro cardenas,17.9583,-102.2,24.78,90,5,2.13,MX,1730787400
228,herval,-32.0236,-53.3956,17.16,98,100,3.15,BR,1730787401
229,p'ot'i,42.1462,41.672,11.31,61,100,11.97,GE,1730787403
230,cisternino,40.7445,17.4243,13.18,94,26,3.23,IT,1730787404
231,selibaby,15.159,-12.1829,27.35,23,0,4.11,MR,1730787405
232,aykhal,66.0,111.5,-12.08,94,99,7.25,RU,1730787406
233,minas de barroteran,27.6333,-101.2833,20.16,38,0,4.93,MX,1730787407
234,onguday,50.75,86.15,3.61,100,100,0.39,RU,1730787408
235,kiboga,0.9161,31.7742,18.86,91,100,0.8,UG,1730787409
236,tazovsky,67.4667,78.7,-5.86,93,100,7.2,RU,1730787411
237,custodia,-8.0875,-37.6431,19.33,73,14,2.91,BR,1730787412
238,birjand,32.8663,59.2211,26.26,17,0,3.09,IR,1730787413
239,cabanas,22.9758,-82.9219,24.68,89,16,4.32,CU,1730787414
240,khilok,51.3674,110.4676,1.43,33,4,0.98,RU,1730787415
241,saint-louis,16.3333,-15.0,27.31,17,12,2.72,SN,1730787416
242,thompson,55.7435,-97.8558,0.09,93,100,3.6,CA,1730787418
243,lautoka,-17.6167,177.4667,27.92,69,40,3.6,FJ,1730787419
244,porbandar,21.6422,69.6093,32.99,40,0,4.12,IN,1730787420
245,bonyhad,46.2992,18.5302,3.48,82,1,1.8,HU,1730787421
246,mahanje,-9.9333,35.3333,26.67,48,3,2.69,TZ,1730787422
247,aadorf,47.492,8.901,6.73,85,26,0.61,CH,1730787423
248,gbarnga,6.9956,-9.4722,20.66,99,93,1.08,LR,1730787424
249,tsiombe,-25.3,45.4833,30.79,48,0,3.8,MG,1730787426
250,lompoc,34.6391,-120.4579,13.4,57,0,2.06,US,1730787147
251,alice springs,-23.7,133.8833,39.75,11,63,3.09,AU,1730787428
252,ozernyy,55.5802,32.4127,-1.9,94,93,2.71,RU,1730787429
253,reggane,26.7158,0.1714,25.72,17,84,4.6,DZ,1730787430
254,tadine,-21.55,167.8833,23.53,67,64,3.85,NC,1730787431
255,tanjung pinang,0.9167,104.45,29.65,68,53,2.96,ID,1730787432
256,uturoa,-16.7333,-151.4333,26.49,84,99,4.47,PF,1730787434
257,iskateley,67.6803,53.1512,-2.72,90,100,4.31,RU,1730787435
258,hadibu,12.65,54.0333,27.53,60,1,1.79,YE,1730787436
259,fort mcmurray,56.7268,-111.381,-6.23,93,100,2.57,CA,1730787437
260,burang,30.25,81.1667,8.48,12,0,3.34,CN,1730787438
261,hamilton,39.1834,-84.5333,20.43,73,0,7.2,US,1730787439
262,vadso,70.0744,29.7487,-0.91,86,20,2.06,NO,1730787441
263,namtsy,62.7161,129.6658,-20.53,96,20,0.24,RU,1730787442
264,ebon,4.582,168.6964,29.12,72,52,6.33,MH,1730787443
265,maumere,-8.6199,122.2111,31.22,52,61,1.53,ID,1730787444
266,volosovo,59.4333,29.4833,-1.08,97,96,1.59,RU,1730787445
267,kurumkan,54.3,110.3,-5.17,74,70,0.97,RU,1730787446
268,valle nacional,17.7833,-96.3167,25.08,96,100,1.17,MX,1730787448
269,new norfolk,-42.7826,147.0587,19.28,30,0,1.56,AU,1730787449
270,santiago de cao,-7.9589,-79.2392,17.07,88,100,3.6,PE,1730787450
271,psebay,44.1234,40.8107,-1.34,79,51,2.99,RU,1730787451
272,sisimiut,66.9395,-53.6735,-7.65,85,70,2.68,GL,1730787452
273,snyder,32.7179,-100.9176,11.19,62,75,7.72,US,1730787453
274,kapa'a,22.0752,-159.319,24.15,93,29,2.8,US,1730787454
275,san fernando de apure,7.8878,-67.4724,23.69,95,98,1.11,VE,1730787456
276,punta arenas,-53.15,-70.9167,5.06,70,40,6.17,CL,1730787457
277,qubadli,39.344,46.582,10.46,63,8,0.84,AZ,1730787458
278,talnakh,69.4865,88.3972,-7.75,97,98,3.92,RU,1730787460
279,lewistown,40.5992,-77.5714,7.67,93,0,0.0,US,1730787461
280,leua,48.2156,18.6071,3.2,68,4,1.64,SK,1730787464
281,mabaruma,8.2,-59.7833,23.54,98,89,0.33,GY,1730787465
282,loreto,22.2667,-101.9667,11.99,52,0,0.95,MX,1730787466
283,terrace,54.5163,-128.6035,3.95,100,75,6.17,CA,1730787467
284,nyurba,63.2842,118.3319,-14.41,92,45,2.36,RU,1730787468
285,faaa,-17.55,-149.6,26.98,83,0,2.06,PF,1730787469
286,hassi messaoud,31.6804,6.0729,16.92,42,0,2.06,DZ,1730787471
287,vorgashor,67.5833,63.95,-3.89,95,100,6.12,RU,1730787472
288,tynda,55.1667,124.7167,-10.29,65,75,2.3,RU,1730787473
289,tabou,4.423,-7.3528,24.66,88,61,1.29,CI,1730787474
290,kirakira,-10.4544,161.9205,27.33,86,98,3.83,SB,1730787475
291,mili,6.0815,171.735,28.91,72,49,6.07,MH,1730787476
292,paraguari,-25.6208,-57.1472,24.83,76,97,1.6,PY,1730787478
293,korocha,50.8107,37.1953,-3.4,91,98,5.57,RU,1730787479
294,conduaga,8.862,117.4893,27.14,82,100,0.36,PH,1730787480
295,kiunga,-6.1219,141.2906,35.05,44,62,0.45,PG,1730787481
296,constantia,44.1833,28.65,3.38,59,5,6.7,RO,1730787482
297,jinxiang,27.4327,120.6062,19.89,74,46,8.27,CN,1730787484
298,buncrana,55.1333,-7.45,7.87,95,94,1.81,IE,1730787486
299,waingapu,-9.6567,120.2641,31.76,50,2,7.45,ID,1730787487
300,bardai,11.65,7.2333,16.96,36,45,4.02,NG,1730787488
301,zhanaozen,43.3,52.8,9.03,87,100,10.03,KZ,1730787489
302,port elizabeth,-33.918,25.5701,13.51,99,40,4.12,ZA,1730787490
303,benalla,-36.55,145.9833,27.7,19,51,2.34,AU,1730787491
304,cidreira,-30.1811,-50.2056,21.14,93,77,7.03,BR,1730787492
305,el coacoyul,17.6167,-101.4333,24.99,90,9,1.79,MX,1730787494
306,malakal,9.5334,31.6605,26.82,25,54,4.49,SS,1730787495
307,chancay,-11.5714,-77.2672,17.44,93,94,3.29,PE,1730787496
308,espanola,35.9911,-106.0806,3.87,89,70,1.73,US,1730787497
309,saint-denis,48.9167,2.3333,9.34,100,100,3.09,FR,1730787498
310,kakata,6.53,-10.3517,22.63,97,35,1.37,LR,1730787499
311,nakonde,-9.3421,32.745,24.96,41,37,2.43,ZM,1730787501
312,sao jose da coroa grande,-8.8978,-35.1478,25.74,68,94,4.36,BR,1730787502
313,klaksvik,62.2266,-6.589,9.83,97,100,6.63,FO,1730787503
314,ivanteyevka,55.9711,37.9208,-1.0,85,98,3.13,RU,1730787504
315,pagar alam,-4.0167,103.2667,25.19,85,98,0.62,ID,1730787505
316,dryden,49.7833,-92.7503,4.16,87,100,2.06,CA,1730787506
317,balao,-2.9167,-79.8167,21.32,87,91,1.71,EC,1730787507
318,alcala de xivert,40.258,0.2689,16.76,81,50,1.44,ES,1730787509
319,cockburn town,21.4612,-71.1419,28.15,81,82,10.14,TC,1730787510
320,kapuskasing,49.4169,-82.4331,12.05,100,100,2.57,CA,1730787511
321,guanica,17.9716,-66.908,27.7,67,100,2.19,PR,1730787512
322,taoudenni,22.6783,-3.9836,24.97,17,47,2.9,ML,1730787513
323,i-n-salah,27.1935,2.4607,24.46,21,96,4.15,DZ,1730787514
324,gamboma,-1.8764,15.8644,22.44,87,100,0.47,CG,1730787515
325,paoua,7.2427,16.4406,22.16,68,99,1.6,CF,1730787517
326,colonia,50.9333,6.95,6.18,86,39,3.15,DE,1730787518
327,withamsville,39.0623,-84.2883,19.79,71,0,4.12,US,1730787519
328,kristiansund,63.1115,7.732,10.63,93,100,3.09,NO,1730787520
329,sao felix do xingu,-6.6447,-51.995,22.46,99,98,0.65,BR,1730787521
330,sitka,57.0531,-135.33,3.94,87,40,3.6,US,1730787522
331,mokhotlong,-29.2894,29.0675,10.77,81,100,6.21,LS,1730787525
332,kayangel,8.0823,134.7173,28.71,74,86,3.71,PW,1730787526
333,saint-pierre,-21.3393,55.4781,27.82,65,75,3.6,RE,1730787527
334,chonchi,-42.6128,-73.8092,8.4,86,99,3.04,CL,1730787528
335,katsuura,35.1333,140.3,17.71,88,100,11.18,JP,1730787529
336,dabou,5.3256,-4.3769,24.18,89,88,1.37,CI,1730787530
337,warmbad,-28.45,18.7333,11.92,38,0,8.09,NA,1730787532
338,mersing,2.4312,103.8405,31.95,66,40,3.09,MY,1730787533
339,itaituba,-4.2761,-55.9836,23.31,96,100,0.95,BR,1730787534
340,selkirk,50.1436,-96.8845,-0.46,94,16,1.34,CA,1730787535
341,moyale,3.5167,39.0584,24.57,58,43,3.46,KE,1730787536
342,khash,28.2211,61.2158,25.67,16,0,1.45,IR,1730787537
343,lihue,21.9789,-159.3672,23.74,93,40,2.77,US,1730787538
344,arrah,25.5667,84.6667,30.91,37,8,1.57,IN,1730787540
345,kangding,30.0513,101.9603,11.52,79,90,2.21,CN,1730787542
346,acarau,-2.8856,-40.12,25.25,79,10,8.06,BR,1730787543
347,gaspe,48.8334,-64.4819,-0.88,86,100,1.03,CA,1730787544
348,dhemaji,27.4833,94.5833,27.87,56,0,1.48,IN,1730787545
349,puerto aysen,-45.4,-72.7,5.08,100,100,2.06,CL,1730787547
350,port-vila,-17.7338,168.3219,24.78,69,75,7.72,VU,1730787548
351,revda,56.801,59.9303,-3.71,77,100,2.21,RU,1730787549
352,launceston,-41.45,147.1667,18.8,55,0,8.75,AU,1730787483
353,uchqurghon shahri,41.1137,72.0791,18.71,52,100,2.63,UZ,1730787551
354,vetlanda,57.4289,15.0776,6.92,95,100,2.45,SE,1730787552
355,plastun,44.7561,136.2939,2.43,51,13,2.39,RU,1730787554
356,rawson,-43.3002,-65.1023,14.16,38,0,5.66,AR,1730787555
357,ust-tsilma,65.441,52.1498,-4.62,94,97,2.16,RU,1730787556
358,tozkhurmato,34.8905,44.6299,19.02,66,0,1.58,IQ,1730787557
359,cascais,38.6979,-9.4215,19.64,86,5,3.58,PT,1730787558
360,duku,11.2361,4.9073,20.16,32,3,3.11,NG,1730787559
361,rodolfo sanchez taboada,31.7167,-116.5667,16.55,41,0,2.56,MX,1730787561
362,novodvinsk,64.4165,40.8122,-2.14,92,71,2.14,RU,1730787562
363,miracema do tocantins,-9.5618,-48.3967,25.59,81,100,2.22,BR,1730787563
364,bereket,39.2446,55.5154,17.6,59,1,3.49,TM,1730787564
365,cepu,-7.1475,111.5906,33.92,43,27,0.95,ID,1730787565
366,basawul,34.2475,70.8722,27.34,23,53,0.29,AF,1730787566
367,al mindak,20.1588,41.2834,17.18,69,1,1.65,SA,1730787567
368,kruisfontein,-34.0033,24.7314,12.49,85,100,5.15,ZA,1730787569
369,urzhar,47.093,81.6294,8.72,82,100,1.31,KZ,1730787570
370,leshan,29.5623,103.7639,16.78,80,96,0.87,CN,1730787571
371,road town,18.4167,-64.6167,27.99,75,100,6.2,VG,1730787572
372,saint-philippe,-21.3585,55.7679,24.61,76,24,4.19,RE,1730787573
373,marolambo,-20.05,48.1167,24.05,78,96,1.04,MG,1730787574
374,minas de marcona,-15.2119,-75.1103,13.33,89,86,4.28,PE,1730787576
375,galveston,29.3669,-94.9669,26.7,85,20,8.75,US,1730787577
376,nema,57.5067,50.5011,-5.45,85,99,0.38,RU,1730787578
377,nantucket,41.2835,-70.0995,12.06,82,40,9.06,US,1730787579
378,betio village,1.358,172.9211,30.02,73,43,4.86,KI,1730787580
379,illizi,26.4833,8.4667,21.06,32,74,2.47,DZ,1730787581
380,iwanai,42.9744,140.5089,6.13,56,98,5.25,JP,1730787582
381,tinajo,29.0788,-13.7081,18.49,82,20,4.12,ES,1730787584
382,callao,-12.0667,-77.15,19.29,88,100,6.69,PE,1730787585
383,jianshui,23.6363,102.8264,21.87,54,11,2.3,CN,1730787587
384,shizunai-furukawacho,42.3339,142.3669,8.22,56,93,7.39,JP,1730787588
385,assab,13.0092,42.7394,29.16,71,20,6.92,ER,1730787589
386,simanggang,1.2472,111.4528,31.99,66,40,1.54,MY,1730787590
387,xining,36.6167,101.7667,9.79,37,0,1.72,CN,1730787592
388,nombre de dios,23.85,-104.2333,9.7,80,0,1.97,MX,1730787593
389,pandan,14.0453,124.1694,27.15,88,99,5.18,PH,1730787594
390,kapit,2.0167,112.9333,31.99,56,77,1.85,MY,1730787595
391,gaildorf,49.0003,9.7695,3.04,95,64,1.37,DE,1730787596
392,vanimo,-2.6741,141.3028,29.23,74,84,2.95,PG,1730787597
393,highfields,-27.4518,151.9463,30.34,29,27,6.21,AU,1730787599
394,akjoujt,19.6969,-14.4164,25.86,20,31,4.13,MR,1730787600
395,talara,-4.5772,-81.2719,18.56,85,16,6.68,PE,1730787601
396,tabas,33.5959,56.9244,25.96,27,10,3.15,IR,1730787602
397,kavaratti,10.5669,72.642,28.06,70,94,2.52,IN,1730787603
398,ambon,-3.6954,128.1814,31.08,70,40,3.6,ID,1730787604
399,dhuusamarreeb,5.535,46.3861,28.2,59,55,4.45,SO,1730787606
400,beloyarskiy,63.7119,66.6722,-4.35,86,84,4.78,RU,1730787607
401,ust'-ilimsk,58.0006,102.6619,2.9,63,100,3.96,RU,1730787608
402,vorkuta,67.5,64.0,-3.65,95,100,5.9,RU,1730787609
403,kuldiga,56.974,21.9572,8.1,74,98,4.3,LV,1730787610
404,intendente alvear,-35.2338,-63.592,11.83,40,0,2.71,AR,1730787611
405,beitbridge,-22.2167,30.0,28.02,31,0,9.27,ZW,1730787612
406,colesberg,-30.72,25.0972,5.32,75,93,8.0,ZA,1730787614
407,odiongan,12.4017,121.9919,28.31,73,89,3.82,PH,1730787617
408,illapel,-31.6308,-71.1653,12.39,69,0,1.05,CL,1730787618
409,solnechnyy,50.7214,136.6319,-4.98,64,100,2.53,RU,1730787619
410,port saint john's,-31.6229,29.5448,13.96,92,100,3.96,ZA,1730787620
411,alotau,-10.3069,150.4462,28.25,77,86,2.67,PG,1730787621
412,ormara,25.2088,64.6357,26.84,74,0,2.36,PK,1730787623
413,portland,45.5234,-122.6762,8.96,90,75,4.12,US,1730787352
414,luwuk,-0.9516,122.7875,29.62,48,70,3.99,ID,1730787625
415,moose jaw,50.4001,-105.5344,5.14,42,75,5.14,CA,1730787626
416,tura,25.5198,90.2201,29.41,55,16,1.45,IN,1730787627
417,banda aceh,5.5577,95.3222,29.04,68,100,6.49,ID,1730787628
418,queenstown,-31.8976,26.8753,5.08,92,100,1.01,ZA,1730787630
419,fortuna,40.5982,-124.1573,11.86,95,100,0.0,US,1730787631
420,aral,40.5156,81.2636,17.26,23,29,1.6,CN,1730787632
421,kone,-21.0595,164.8658,24.62,64,100,1.9,NC,1730787633
422,chukhloma,58.7525,42.6825,-3.09,87,100,3.37,RU,1730787634
423,la sarre,48.8002,-79.1996,7.98,98,100,5.15,CA,1730787635
424,mushie,-3.0167,16.9,22.35,93,100,0.47,CD,1730787636
425,xianju,28.85,120.7333,18.89,69,82,2.99,CN,1730787638
426,velyka lepetykha,47.1757,33.9436,1.85,72,7,6.61,UA,1730787639
427,pangoa,-12.1167,-73.0,21.13,99,100,1.43,PE,1730787640
428,san sebastian de la gomera,28.0916,-17.1133,20.2,77,0,0.0,ES,1730787641
429,progreso,21.2833,-89.6667,24.27,90,50,4.68,MX,1730787642
430,valparaiso,-33.0393,-71.6273,12.8,66,0,1.54,CL,1730787643
431,tongliao,43.6125,122.2653,5.11,30,17,4.94,CN,1730787645
432,tofol,5.3248,163.0078,28.83,66,94,2.06,FM,1730787646
433,mossel bay,-34.1831,22.146,13.96,64,23,6.69,ZA,1730787647
434,olyokminsk,60.3736,120.4264,-11.95,80,63,1.43,RU,1730787648
435,newman,37.3138,-121.0208,13.68,36,1,0.86,US,1730787649
436,jaguaquara,-13.5306,-39.9708,18.7,83,98,3.28,BR,1730787650
437,balashov,51.5502,43.1667,-2.82,87,98,8.02,RU,1730787651
438,naze,28.3667,129.4833,23.51,74,45,6.62,JP,1730787653
439,karratha,-20.7377,116.8463,33.58,34,40,7.46,AU,1730787654
440,kushiro,42.975,144.3747,9.53,46,40,4.12,JP,1730787655
441,salekhard,66.53,66.6019,-2.86,84,100,6.47,RU,1730787492
442,khandyga,62.6667,135.6,-20.55,95,48,0.18,RU,1730787657
443,sinabang,2.4803,96.3801,25.85,86,100,5.62,ID,1730787658
444,jayapura,-2.5333,140.7,26.66,75,86,2.46,ID,1730787660
445,upata,8.0086,-62.3989,21.57,97,87,1.12,VE,1730787661
446,puerto ayacucho,5.6639,-67.6236,24.09,94,62,1.64,VE,1730787662
447,mumford,5.2618,-0.759,24.73,84,26,1.68,GH,1730787663
448,attnang-puchheim,48.0112,13.715,4.16,86,4,0.74,AT,1730787664
449,jinghong,21.991,100.7341,28.08,45,20,2.08,CN,1730787665
450,saposoa,-6.934,-76.7716,21.92,98,72,0.94,PE,1730787666
451,fiume veneto,45.9328,12.7308,8.33,82,0,2.57,IT,1730787668
452,puerto santa,-8.9906,-78.6456,17.05,93,19,3.15,PE,1730787669
453,emerald,-23.5333,148.1667,35.75,23,32,3.79,AU,1730787670
454,minas de matahambre,22.5887,-83.9447,22.24,93,1,2.67,CU,1730787671
455,suoyarvi,62.0833,32.35,-2.29,87,100,2.05,RU,1730787672
456,mandalgovi,45.7625,106.2708,2.74,29,54,5.65,MN,1730787673
457,floro,61.5996,5.0328,8.98,93,75,4.63,NO,1730787676
458,banes,20.9625,-75.7186,24.45,91,76,1.22,CU,1730787677
459,bonanza,14.0289,-84.591,21.35,100,96,0.75,NI,1730787678
460,saint-joseph,-21.3667,55.6167,27.21,75,12,3.05,RE,1730787679
461,sibirskiy,53.5777,83.7577,1.44,49,72,3.48,RU,1730787680
462,port douglas,-16.4833,145.4667,26.54,65,3,3.87,AU,1730787682
463,jasper,37.2001,-94.3502,18.03,97,40,2.06,US,1730787683
464,lycksele,64.5954,18.6735,4.93,93,95,2.06,SE,1730787684
465,vernon,50.2581,-119.2691,7.18,59,100,2.57,CA,1730787685
466,ukata,10.8312,5.8249,19.21,34,5,3.43,NG,1730787686
467,morki,56.4303,48.9947,-2.95,83,100,1.16,RU,1730787687
468,natchitoches,31.7668,-93.1335,22.59,83,18,6.22,US,1730787689
469,ulsteinvik,62.3432,5.8487,10.17,88,74,3.22,NO,1730787690
470,erenhot,43.6475,111.9767,3.72,29,0,4.95,CN,1730787691
471,mangrol,21.1167,70.1167,30.81,48,0,1.41,IN,1730787692
472,spring creek,40.7266,-115.5859,4.83,56,76,3.98,US,1730787693
473,swakopmund,-22.6833,14.5333,13.32,80,5,4.02,NA,1730787694
474,nikolayevsk,50.0282,45.4595,-0.66,84,100,10.09,RU,1730787695
475,zabid,14.1951,43.3152,29.69,58,4,2.79,YE,1730787697
476,yaren,-0.5472,166.916,28.51,70,49,5.5,NR,1730787698
477,roma,43.2128,-75.4557,12.6,77,100,4.63,US,1730787699
478,filadelfia,39.9523,-75.1638,12.31,92,75,0.0,US,1730787700
479,ryotsu-minato,38.0833,138.4333,12.8,59,97,5.05,JP,1730787701
480,kuqa,41.7278,82.9364,15.14,30,50,1.32,CN,1730787702
481,katabu,-4.9333,122.5167,33.36,41,94,3.39,ID,1730787704
482,salto de agua,17.6167,-92.3667,24.05,91,63,1.85,MX,1730787705
483,lamar,33.6668,-95.5836,17.95,97,100,4.12,US,1730787706
484,punta del este,-34.9667,-54.95,17.06,90,100,4.02,UY,1730787707
485,gemena,3.25,19.7667,21.14,96,99,0.93,CD,1730787708
486,abrisham,32.558,51.5731,17.98,48,39,2.11,IR,1730787709
487,kununurra,-15.7667,128.7333,40.99,22,75,2.06,AU,1730787711
488,port macquarie,-31.4333,152.9167,21.15,89,97,0.45,AU,1730787712
489,tutoia,-2.7619,-42.2744,25.57,81,46,6.21,BR,1730787713
490,borskoye,53.0333,51.7167,-0.85,94,100,5.6,RU,1730787714
491,porto novo,6.4965,2.6036,25.9,75,8,1.69,BJ,1730787715
492,rancagua,-34.1708,-70.7444,12.96,50,0,1.68,CL,1730787716
493,mandan,46.8267,-100.8896,-1.44,100,0,3.09,US,1730787717
494,archbald,41.4948,-75.5369,9.84,81,86,0.89,US,1730787719
495,okhotsk,59.3833,143.3,-8.95,65,59,6.95,RU,1730787720
496,crane,31.3974,-102.3501,12.18,50,95,6.14,US,1730787721
497,cabedelo,-6.9811,-34.8339,25.37,68,96,6.56,BR,1730787722
498,khovd,48.0056,91.6419,4.81,46,15,1.85,MN,1730787723
499,gaiman,-43.2897,-65.4929,14.11,38,67,6.52,AR,1730787726
500,melfi,40.9965,15.6514,8.03,87,0,1.2,IT,1730787727
501,usinsk,65.9939,57.5281,-4.69,96,99,6.22,RU,1730787728
502,lorengau,-2.0226,147.2712,28.61,76,99,1.01,PG,1730787729
503,pont rouge,48.8833,-72.0825,2.57,94,100,5.13,CA,1730787730
504,melfort,52.8667,-104.6177,-3.93,80,50,3.6,CA,1730787731
505,pitimbu,-7.4706,-34.8086,26.02,69,86,5.95,BR,1730787732
506,san luis,-33.295,-66.3356,13.34,54,0,8.0,AR,1730787734
507,anori,-3.7728,-61.6442,25.19,75,92,1.55,BR,1730787735
508,lai,9.3952,16.2989,23.09,45,83,1.4,TD,1730787736
509,jimma,7.6667,36.8333,18.64,77,61,0.58,ET,1730787737
510,lata,40.1629,-8.3327,15.4,92,95,3.0,PT,1730787738
511,west bay,19.3667,-81.4167,28.04,83,40,4.12,KY,1730787739
512,posto fiscal rolim de moura,-13.0833,-62.2667,24.47,81,79,1.16,BR,1730787740
513,jalai nur,49.45,117.7,-1.75,33,22,2.37,CN,1730787742
514,sultanah,24.4926,39.5857,25.25,33,0,2.57,SA,1730787743
515,ar ruways,24.1103,52.7306,29.96,44,0,1.55,AE,1730787744
516,arauca,7.0847,-70.7591,22.98,100,0,1.16,CO,1730787745
517,hajin,34.6927,40.827,18.67,63,0,4.25,SY,1730787746
518,bikenibeu village,1.3673,173.1241,29.98,74,40,3.09,KI,1730787747
519,youssoufia,32.2463,-8.5294,18.43,60,0,1.94,MA,1730787749
520,capinota,-17.7167,-66.2333,17.71,55,98,1.62,BO,1730787752
521,tevriz,57.509,72.4042,-0.6,71,99,4.97,RU,1730787753
522,ayr,55.4627,-4.6339,8.06,87,100,2.57,GB,1730787756
523,mangai,-4.05,19.5333,22.43,91,100,0.33,CD,1730787757
524,nago,26.5881,127.9761,25.19,67,69,5.37,JP,1730787758
525,port shepstone,-30.7414,30.455,15.29,90,100,5.61,ZA,1730787759
526,ketchikan,55.3422,-131.6461,4.99,83,43,0.51,US,1730787760
527,lianshan,40.7643,120.8533,11.92,16,1,4.92,CN,1730787761
528,inirida,3.8653,-67.9239,23.17,96,54,2.15,CO,1730787763
529,dakhla,23.6848,-15.958,19.01,94,66,4.63,EH,1730787764
530,zhenzhou,32.2692,119.1789,17.09,47,0,3.9,CN,1730787765
531,malaya vishera,58.8454,32.2222,-2.27,93,93,1.65,RU,1730787766
532,embi,48.8264,58.1442,2.83,51,100,6.81,KZ,1730787767
533,novi grad,45.0458,16.3803,3.26,90,5,0.28,BA,1730787768
534,coahuayana de hidalgo,18.7,-103.6583,25.02,91,72,1.01,MX,1730787769
535,columbia falls,48.3725,-114.1815,3.3,92,100,2.06,US,1730787648
536,hasaki,35.7333,140.8333,17.22,73,100,10.94,JP,1730787772
537,sang-e charak,35.8497,66.4369,22.56,27,89,3.32,AF,1730787773
538,kapiri mposhi,-13.9652,28.6809,26.47,42,68,2.23,ZM,1730787774
539,znamenskoye,57.1281,73.8282,-0.35,68,69,5.12,RU,1730787775
540,ebolowa,2.9,11.15,20.95,98,99,0.49,CM,1730787776
541,moultonborough,43.7548,-71.3967,6.09,91,100,0.5,US,1730787777
542,kamyanka,48.0288,25.9195,0.31,78,8,1.32,UA,1730787779
543,kingston,17.997,-76.7936,26.53,83,75,8.23,JM,1730787780
544,sinop,41.7711,34.8709,3.92,99,100,1.88,TR,1730787781
545,orotina,9.912,-84.5234,22.16,99,100,1.27,CR,1730787782
546,squamish,49.7014,-123.1512,5.27,97,85,0.51,CA,1730787783
547,thunder bay,48.4001,-89.3168,7.99,93,100,2.57,CA,1730787784
548,morteros,-30.7116,-61.9986,16.12,71,83,5.34,AR,1730787786
549,val-d'or,48.1002,-77.7828,6.05,100,100,6.17,CA,1730787787
550,kralendijk,12.15,-68.2667,28.99,79,20,6.17,BQ,1730787788
551,bengkulu,-3.8004,102.2655,29.19,67,78,3.44,ID,1730787789
552,narvik,68.4384,17.4272,6.56,99,100,3.77,NO,1730787790
553,kargasok,59.0556,80.8572,0.35,68,99,8.42,RU,1730787791
554,wynyard,-41.0,145.7167,17.45,68,1,3.13,AU,1730787792
555,pasni,25.2631,63.471,26.99,75,0,2.65,PK,1730787794
556,holualoa,19.6228,-155.9522,20.91,94,75,5.66,US,1730787795
557,mogadishu,2.0371,45.3438,28.93,74,40,4.63,SO,1730787796
558,union hidalgo,16.4723,-94.8295,25.47,90,59,2.6,MX,1730787797
559,lobujya,27.95,86.8167,-4.62,83,100,0.83,NP,1730787798
560,ammon,43.4696,-111.9666,3.32,84,75,10.29,US,1730787799
561,belyy yar,53.6039,91.3903,-0.06,100,100,4.0,RU,1730787801
562,richards bay,-28.783,32.0377,18.36,84,100,6.08,ZA,1730787802
563,hilo,19.7297,-155.09,23.4,100,100,5.14,US,1730787593
564,enshi,30.3,109.4833,22.2,56,25,0.74,CN,1730787804
565,turbat,26.0023,63.044,30.43,42,0,2.08,PK,1730787806
566,bamnet narong,15.4992,101.6897,26.02,74,92,7.01,TH,1730787808
567,pahrump,36.2083,-115.9839,10.14,28,0,0.89,US,1730787646
568,opuwo,-18.0607,13.84,24.27,16,21,1.73,NA,1730787810
569,savelugu,9.6244,-0.8253,21.66,35,13,2.8,GH,1730787811
570,northam,51.0333,-4.2167,12.56,94,53,3.86,GB,1730787812
571,sakakah,29.9697,40.2064,17.76,39,18,2.19,SA,1730787813
572,hovd,48.0056,91.6419,4.81,46,15,1.85,MN,1730787814
573,aljezur,37.3191,-8.8033,17.49,96,43,2.84,PT,1730787816
574,el calafate,-50.3408,-72.2768,3.6,74,15,2.7,AR,1730787817
575,island harbour,50.724,-1.2758,11.1,71,100,0.45,GB,1730787818
576,nizhniy odes,63.6445,54.856,-4.66,88,96,2.91,RU,1730787819
577,hemsby,52.6971,1.6918,9.4,94,95,1.31,GB,1730787820
578,byford,-32.2167,116.0,20.29,75,75,4.63,AU,1730787821
579,mikumi,-7.4041,36.9831,26.83,61,28,2.0,TZ,1730787823
580,sao paulo de olivenca,-3.3783,-68.8725,22.6,87,96,0.82,BR,1730787824
581,moranbah,-22.0016,148.0466,36.18,15,71,7.53,AU,1730787825
